{
  "epochs": [
    1,
    2,
    3,
    4,
    5,
    6,
    7,
    8,
    9,
    10
  ],
  "train_losses": [
    5.789434050083161,
    4.688785064816475,
    3.759846397638321,
    3.095880735754967,
    2.6224577715992927,
    2.2891489666700364,
    2.0558715136647225,
    1.890046642422676,
    1.7682653204202652,
    1.676702588558197
  ],
  "val_losses": [
    5.041683148384094,
    3.8286305150985718,
    3.0006100740432737,
    2.45039289021492,
    2.0819448573589323,
    1.8508667948246003,
    1.7077803699970244,
    1.616518471956253,
    1.558048303604126,
    1.5175848319530487
  ],
  "bleu_scores": [
    2.7163014858259163e-06,
    2.415731824571435e-05,
    2.89136597518116e-05,
    3.4781226530705264e-05,
    3.8612385987617034e-05,
    4.1507086065654624e-05,
    4.31977112529195e-05,
    4.150105946810776e-05,
    4.1110610202063206e-05,
    4.0907608715271886e-05
  ]
}